{
    "name": "root",
    "gauges": {
        "PrisonAgent.Policy.Entropy.mean": {
            "value": 1.3275947570800781,
            "min": 1.3275947570800781,
            "max": 1.407267451286316,
            "count": 4
        },
        "PrisonAgent.Policy.Entropy.sum": {
            "value": 13275.947265625,
            "min": 13275.947265625,
            "max": 14074.08203125,
            "count": 4
        },
        "PrisonAgent.Environment.EpisodeLength.mean": {
            "value": 11.787723785166241,
            "min": 9.319917440660475,
            "max": 25.59840425531915,
            "count": 4
        },
        "PrisonAgent.Environment.EpisodeLength.sum": {
            "value": 9218.0,
            "min": 9031.0,
            "max": 9625.0,
            "count": 4
        },
        "PrisonAgent.Step.mean": {
            "value": 39956.0,
            "min": 9975.0,
            "max": 39956.0,
            "count": 4
        },
        "PrisonAgent.Step.sum": {
            "value": 39956.0,
            "min": 9975.0,
            "max": 39956.0,
            "count": 4
        },
        "PrisonAgent.Policy.ExtrinsicValueEstimate.mean": {
            "value": 0.5220155715942383,
            "min": -0.7192022800445557,
            "max": 1.3940931558609009,
            "count": 4
        },
        "PrisonAgent.Policy.ExtrinsicValueEstimate.sum": {
            "value": 422.8326110839844,
            "min": -711.2910766601562,
            "max": 1008.9877319335938,
            "count": 4
        },
        "PrisonAgent.Environment.CumulativeReward.mean": {
            "value": 0.6317135549872123,
            "min": -0.8411214953271028,
            "max": 1.4401444788441693,
            "count": 4
        },
        "PrisonAgent.Environment.CumulativeReward.sum": {
            "value": 494.0,
            "min": -810.0,
            "max": 1395.5,
            "count": 4
        },
        "PrisonAgent.Policy.ExtrinsicReward.mean": {
            "value": 0.6317135549872123,
            "min": -0.8411214953271028,
            "max": 1.4401444788441693,
            "count": 4
        },
        "PrisonAgent.Policy.ExtrinsicReward.sum": {
            "value": 494.0,
            "min": -810.0,
            "max": 1395.5,
            "count": 4
        },
        "PrisonAgent.Losses.PolicyLoss.mean": {
            "value": 0.23694103263174623,
            "min": 0.23428476256502132,
            "max": 0.24448205759310454,
            "count": 4
        },
        "PrisonAgent.Losses.PolicyLoss.sum": {
            "value": 20.61386983896192,
            "min": 20.044192567891443,
            "max": 22.003385183379407,
            "count": 4
        },
        "PrisonAgent.Losses.ValueLoss.mean": {
            "value": 4.593845179519968,
            "min": 4.114752638994999,
            "max": 6.237935641811452,
            "count": 4
        },
        "PrisonAgent.Losses.ValueLoss.sum": {
            "value": 399.66453061823717,
            "min": 362.0982322315599,
            "max": 561.4142077630307,
            "count": 4
        },
        "PrisonAgent.Policy.LearningRate.mean": {
            "value": 0.0002789328828844437,
            "min": 0.0002789328828844437,
            "max": 0.0002969663865533735,
            "count": 4
        },
        "PrisonAgent.Policy.LearningRate.sum": {
            "value": 0.0242671608109466,
            "min": 0.0242671608109466,
            "max": 0.026180959473013597,
            "count": 4
        },
        "PrisonAgent.Policy.Epsilon.mean": {
            "value": 0.19297762528735632,
            "min": 0.19297762528735632,
            "max": 0.19898879518072288,
            "count": 4
        },
        "PrisonAgent.Policy.Epsilon.sum": {
            "value": 16.7890534,
            "min": 16.51607,
            "max": 17.7269864,
            "count": 4
        },
        "PrisonAgent.Policy.Beta.mean": {
            "value": 0.0005000000000000001,
            "min": 0.0005000000000000001,
            "max": 0.0005000000000000001,
            "count": 4
        },
        "PrisonAgent.Policy.Beta.sum": {
            "value": 0.04350000000000001,
            "min": 0.04150000000000001,
            "max": 0.04500000000000001,
            "count": 4
        },
        "PrisonAgent.IsTraining.mean": {
            "value": 1.0,
            "min": 1.0,
            "max": 1.0,
            "count": 4
        },
        "PrisonAgent.IsTraining.sum": {
            "value": 1.0,
            "min": 1.0,
            "max": 1.0,
            "count": 4
        }
    },
    "metadata": {
        "timer_format_version": "0.1.0",
        "start_time_seconds": "1683225979",
        "python_version": "3.6.13 |Anaconda, Inc.| (default, Mar 16 2021, 11:37:27) [MSC v.1916 64 bit (AMD64)]",
        "command_line_arguments": "C:\\Users\\kelvi\\anaconda3\\envs\\ml-agents\\Scripts\\mlagents-learn .\\config\\PrisonAgent_config.yaml --run-id=wallOnly",
        "mlagents_version": "0.28.0",
        "mlagents_envs_version": "0.28.0",
        "communication_protocol_version": "1.5.0",
        "pytorch_version": "1.10.2+cpu",
        "numpy_version": "1.19.5",
        "end_time_seconds": "1683226528"
    },
    "total": 548.4957712,
    "count": 1,
    "self": 0.0064260000000331274,
    "children": {
        "run_training.setup": {
            "total": 0.1859021,
            "count": 1,
            "self": 0.1859021
        },
        "TrainerController.start_learning": {
            "total": 548.3034431,
            "count": 1,
            "self": 0.9578028000073573,
            "children": {
                "TrainerController._reset_env": {
                    "total": 25.718199600000002,
                    "count": 1,
                    "self": 25.718199600000002
                },
                "TrainerController.advance": {
                    "total": 521.5020616999926,
                    "count": 44354,
                    "self": 0.9185642999932497,
                    "children": {
                        "env_step": {
                            "total": 460.06210940000307,
                            "count": 44354,
                            "self": 407.2360058000045,
                            "children": {
                                "SubprocessEnvManager._take_step": {
                                    "total": 52.22822380000146,
                                    "count": 44354,
                                    "self": 2.0636769999977744,
                                    "children": {
                                        "TorchPolicy.evaluate": {
                                            "total": 50.164546800003684,
                                            "count": 41477,
                                            "self": 12.706609900005148,
                                            "children": {
                                                "TorchPolicy.sample_actions": {
                                                    "total": 37.457936899998536,
                                                    "count": 41477,
                                                    "self": 37.457936899998536
                                                }
                                            }
                                        }
                                    }
                                },
                                "workers": {
                                    "total": 0.5978797999971448,
                                    "count": 44353,
                                    "self": 0.0,
                                    "children": {
                                        "worker_root": {
                                            "total": 461.96003050000104,
                                            "count": 44353,
                                            "is_parallel": true,
                                            "self": 161.74420719999245,