{
    "name": "root",
    "metadata": {
        "timer_format_version": "0.1.0",
        "start_time_seconds": "1685699569",
        "python_version": "3.9.16 (main, Mar  8 2023, 10:39:24) [MSC v.1916 64 bit (AMD64)]",
        "command_line_arguments": "C:\\Users\\kelvi\\anaconda3\\Scripts\\mlagents-learn .\\config\\PrisonAgentRay_config.yaml --run-id=Room6V2 --resume",
        "mlagents_version": "0.29.0",
        "mlagents_envs_version": "0.29.0",
        "communication_protocol_version": "1.5.0",
        "pytorch_version": "1.7.1+cu110",
        "numpy_version": "1.21.2",
        "end_time_seconds": "1685699577"
    },
    "total": 7.479383299999999,
    "count": 1,
    "self": 0.015266799999999137,
    "children": {
        "run_training.setup": {
            "total": 0.4609059999999996,
            "count": 1,
            "self": 0.4609059999999996
        },
        "TrainerController.start_learning": {
            "total": 7.003210500000001,
            "count": 1,
            "self": 0.00022630000000223305,
            "children": {
                "TrainerController._reset_env": {
                    "total": 6.996333399999999,
                    "count": 1,
                    "self": 6.3706955999999995,
                    "children": {
                        "demo_to_buffer": {
                            "total": 0.6256377999999998,
                            "count": 1,
                            "self": 4.57000000011476e-05,
                            "children": {
                                "load_demonstration": {
                                    "total": 0.008595799999998377,
                                    "count": 1,
                                    "self": 0.008183999999998193,
                                    "children": {
                                        "read_file": {
                                            "total": 0.00041180000000018424,
                                            "count": 1,
                                            "self": 0.00041180000000018424
                                        }
                                    }
                                },
                                "make_demo_buffer": {
                                    "total": 0.6169963000000003,
                                    "count": 1,
                                    "self": 0.07296380000001257,
                                    "children": {
                                        "steps_from_proto": {
                                            "total": 0.5440324999999877,
                                            "count": 2566,
                                            "self": 0.2843229999998851,
                                            "children": {
                                                "_process_rank_one_or_two_observation": {
                                                    "total": 0.2597095000001026,
                                                    "count": 15396,
                                                    "self": 0.2597095000001026
                                                }
                                            }
                                        }
                                    }
                                }
                            }
                        }
                    }
                },
                "TrainerController._save_models": {
                    "total": 0.00665079999999918,
                    "count": 1,
                    "self": 0.0011595999999993722,
                    "children": {
                        "RLTrainer._checkpoint": {
                            "total": 0.005491199999999807,
                            "count": 1,
                            "self": 0.005491199999999807
                        }
                    }
                }
            }
        }
    }
}