{
    "name": "root",
    "metadata": {
        "timer_format_version": "0.1.0",
        "start_time_seconds": "1683708409",
        "python_version": "3.9.16 (main, Mar  8 2023, 10:39:24) [MSC v.1916 64 bit (AMD64)]",
        "command_line_arguments": "C:\\Users\\kelvi\\anaconda3\\Scripts\\mlagents-learn .\\config\\PrisonAgent_config.yaml --run-id=testRun01 --force",
        "mlagents_version": "0.29.0",
        "mlagents_envs_version": "0.29.0",
        "communication_protocol_version": "1.5.0",
        "pytorch_version": "1.7.1+cu110",
        "numpy_version": "1.21.2",
        "end_time_seconds": "1683708595"
    },
    "total": 185.8989756,
    "count": 1,
    "self": 0.0059253000000012435,
    "children": {
        "run_training.setup": {
            "total": 0.46216729999999995,
            "count": 1,
            "self": 0.46216729999999995
        },
        "TrainerController.start_learning": {
            "total": 185.430883,
            "count": 1,
            "self": 0.18762830000025588,
            "children": {
                "TrainerController._reset_env": {
                    "total": 13.971867999999999,
                    "count": 1,
                    "self": 13.971867999999999
                },
                "TrainerController.advance": {
                    "total": 171.17344189999974,
                    "count": 9673,
                    "self": 0.1759602999991614,
                    "children": {
                        "env_step": {
                            "total": 126.76867399999988,
                            "count": 9673,
                            "self": 82.17107129999927,
                            "children": {
                                "SubprocessEnvManager._take_step": {
                                    "total": 44.48019849999993,
                                    "count": 9673,
                                    "self": 0.4935991000014468,
                                    "children": {
                                        "TorchPolicy.evaluate": {
                                            "total": 43.98659939999848,
                                            "count": 9217,
                                            "self": 17.231243099999247,
                                            "children": {
                                                "TorchPolicy.sample_actions": {
                                                    "total": 26.755356299999235,
                                                    "count": 9217,
                                                    "self": 26.755356299999235
                                                }
                                            }
                                        }
                                    }
                                },
                                "workers": {
                                    "total": 0.11740420000067786,
                                    "count": 9672,
                                    "self": 0.0,
                                    "children": {
                                        "worker_root": {
                                            "total": 167.7843003999988,
                                            "count": 9672,
                                            "is_parallel": true,
                                            "self": 99.34173549999768,
                                            "children": {
                                                "steps_from_proto": {
                                                    "total": 0.0004990999999989754,
                                                    "count": 1,
                                                    "is_parallel": true,
                                                    "self": 0.00025959999999791705,
                                                    "children": {
                                                        "_process_rank_one_or_two_observation": {
                                                            "total": 0.0002395000000010583,
                                                            "count": 2,
                                                            "is_parallel": true,
                                                            "self": 0.0002395000000010583
                                                        }
                                                    }
                                                },
                                                "UnityEnvironment.step": {
                                                    "total": 68.44206580000113,
                                                    "count": 9672,
                                                    "is_parallel": true,
                                                    "self": 0.7469986000005804,
                                                    "children": {
                                                        "UnityEnvironment._generate_step_input": {
                                                            "total": 0.5905467999996077,
                                                            "count": 9672,
                                                            "is_parallel": true,
                                                            "self": 0.5905467999996077
                                                        },
                                                        "communicator.exchange": {
                                                            "total": 64.52079779999985,
                                                            "count": 9672,
                                                            "is_parallel": true,
                                                            "self": 64.52079779999985
                                                        },
                                                        "steps_from_proto": {
                                                            "total": 2.583722600001094,
                                                            "count": 9672,
                                                            "is_parallel": true,
                                                            "self": 1.6657231000015553,
                                                            "children": {
                                                                "_process_rank_one_or_two_observation": {
                                                                    "total": 0.9179994999995387,
                                                                    "count": 19344,
                                                                    "is_parallel": true,
                                                                    "self": 0.9179994999995387
                                                                }
                                                            }
                                                        }
                                                    }
                                                }
                                            }
                                        }
                                    }
                                }
                            }
                        },
                        "trainer_advance": {
                            "total": 44.22880760000071,
                            "count": 9672,
                            "self": 0.23124800000063317,
                            "children": {
                                "process_trajectory": {
                                    "total": 1.9358627000000936,
                                    "count": 9672,
                                    "self": 1.9358627000000936
                                },