{"count":1,"self":1641.1001856,"total":4856.4130429,"children":{"InitializeActuators":{"count":1,"self":0.0010173,"total":0.0010173,"children":null},"InitializeSensors":{"count":1,"self":0.0030608,"total":0.0030608,"children":null},"AgentSendState":{"count":3690317,"self":49.769987199999996,"total":72.234171899999993,"children":{"CollectObservations":{"count":369032,"self":0.8837952,"total":0.8837952,"children":null},"WriteActionMask":{"count":369032,"self":0.37392919999999996,"total":0.37392919999999996,"children":null},"RequestDecision":{"count":369032,"self":2.019968,"total":21.2064611,"children":{"AgentInfo.ToProto":{"count":369032,"self":2.0005593999999998,"total":19.186493199999997,"children":{"GenerateSensorData":{"count":369032,"self":14.6773584,"total":17.1859338,"children":{"RayPerceptionSensor.Perceive":{"count":738064,"self":2.5085756,"total":2.5085756999999997,"children":null}}}}}}}}},"DecideAction":{"count":3690317,"self":3121.7479679999997,"total":3121.7480108,"children":null},"AgentAct":{"count":3690317,"self":21.261191999999998,"total":21.3148722,"children":{"AgentInfo.ToProto":{"count":1074,"self":0.0078338,"total":0.0536807,"children":{"GenerateSensorData":{"count":1074,"self":0.0391879,"total":0.045846899999999996,"children":{"RayPerceptionSensor.Perceive":{"count":2148,"self":0.006659,"total":0.006659,"children":null}}}}}}},"AgentInfo.ToProto":{"count":176,"self":0,"total":0.010666799999999999,"children":{"GenerateSensorData":{"count":176,"self":0.008638,"total":0.010666799999999999,"children":{"RayPerceptionSensor.Perceive":{"count":352,"self":0.0020288,"total":0.0020288,"children":null}}}}}},"gauges":{"PrisonAgentRay.CumulativeReward":{"count":1250,"max":3.5,"min":-7.59999847,"runningAverage":-1.43351829,"value":1.40000033,"weightedAverage":1.02638876}},"metadata":{"timer_format_version":"0.1.0","start_time_seconds":"1684927449","unity_version":"2020.3.25f1","command_line_arguments":"C:\\Program Files\\Unity\\Hub\\Editor\\2020.3.25f1\\Editor\\Unity.exe -projectpath C:\\Temp\\Y4 S2\\VR\\Create-with-VR_2020LTS\\Eindproject -jailbreaker -useHub -hubIPC -cloudEnvironment production -licensingIpc LicenseClient-kelvi -hubSessionId 8c94c86c-ab08-4b37-aa46-7fedc831672e -accessToken 5RoDdURdwEkMeCbBxzYXPUs3ZOl7ObT7h4-JEbKRD9k012f","communication_protocol_version":"1.5.0","com.unity.ml-agents_version":"2.0.1","scene_name":"Development","end_time_seconds":"1684932305"}}