{"count":1,"self":640.5281792,"total":1937.5067867,"children":{"InitializeActuators":{"count":6,"self":0.0019949,"total":0.0019949,"children":null},"InitializeSensors":{"count":6,"self":0.0025729999999999998,"total":0.0025729999999999998,"children":null},"AgentSendState":{"count":1011767,"self":50.428639999999994,"total":75.837677599999992,"children":{"CollectObservations":{"count":607062,"self":0.9267137,"total":0.9267137,"children":null},"WriteActionMask":{"count":607062,"self":0.45732009999999995,"total":0.45732009999999995,"children":null},"RequestDecision":{"count":607062,"self":1.8564656,"total":24.0250037,"children":{"AgentInfo.ToProto":{"count":607062,"self":1.7301554,"total":22.1685381,"children":{"GenerateSensorData":{"count":607062,"self":16.2789376,"total":20.4383827,"children":{"RayPerceptionSensor.Perceive":{"count":1214124,"self":4.1594444,"total":4.1594443,"children":null}}}}}}}}},"DecideAction":{"count":1011767,"self":1206.2539775999999,"total":1206.2539504,"children":null},"AgentAct":{"count":1011767,"self":14.728129599999999,"total":14.7617549,"children":{"AgentInfo.ToProto":{"count":555,"self":0.0035391999999999997,"total":0.033624999999999995,"children":{"GenerateSensorData":{"count":555,"self":0.0240744,"total":0.0300858,"children":{"RayPerceptionSensor.Perceive":{"count":1110,"self":0.0060114,"total":0.0060114,"children":null}}}}}}},"AgentInfo.ToProto":{"count":2764,"self":0.012995399999999999,"total":0.11914,"children":{"GenerateSensorData":{"count":2764,"self":0.089994999999999992,"total":0.10614459999999999,"children":{"RayPerceptionSensor.Perceive":{"count":5528,"self":0.0161496,"total":0.0161496,"children":null}}}}}},"gauges":{"PrisonAgentRay.CumulativeReward":{"count":3319,"max":20,"min":-5.59999847,"runningAverage":15.7047062,"value":20,"weightedAverage":19.9703426}},"metadata":{"timer_format_version":"0.1.0","start_time_seconds":"1685704985","unity_version":"2020.3.25f1","command_line_arguments":"C:\\Program Files\\Unity\\Hub\\Editor\\2020.3.25f1\\Editor\\Unity.exe -projectpath C:\\Temp\\Y4 S2\\VR\\Create-with-VR_2020LTS\\Eindproject -jailbreaker -useHub -hubIPC -cloudEnvironment production -licensingIpc LicenseClient-kelvi -hubSessionId df6b7476-400e-4d6c-93b6-8d9acd55a34d -accessToken 5Ok-11tOeR2Q1EwAD104LT4xb7n-Wffl3Q76AYypnsM012f","communication_protocol_version":"1.5.0","com.unity.ml-agents_version":"2.0.1","scene_name":"Development","end_time_seconds":"1685706923"}}