{"count":1,"self":488.19901439999995,"total":1112.5530374999998,"children":{"InitializeActuators":{"count":4,"self":0.0019944,"total":0.0019944,"children":null},"InitializeSensors":{"count":4,"self":0.0019947,"total":0.0019947,"children":null},"AgentSendState":{"count":483551,"self":11.4420928,"total":30.5052377,"children":{"CollectObservations":{"count":193424,"self":2.2518637999999997,"total":2.2518637999999997,"children":null},"WriteActionMask":{"count":193424,"self":1.2206424999999999,"total":1.2206424999999999,"children":null},"RequestDecision":{"count":193424,"self":3.5526207999999997,"total":15.590638499999999,"children":{"AgentInfo.ToProto":{"count":193424,"self":3.5313863999999997,"total":12.0380176,"children":{"GenerateSensorData":{"count":193424,"self":8.5066312,"total":8.5066313,"children":null}}}}}}},"DecideAction":{"count":483551,"self":578.0019712,"total":578.001989,"children":null},"AgentAct":{"count":483551,"self":15.6634896,"total":15.687795099999999,"children":{"AgentInfo.ToProto":{"count":330,"self":0.0080661999999999991,"total":0.024305399999999998,"children":{"GenerateSensorData":{"count":330,"self":0.0162392,"total":0.0162392,"children":null}}}}},"AgentInfo.ToProto":{"count":1350,"self":0.05243,"total":0.15400529999999998,"children":{"GenerateSensorData":{"count":1350,"self":0.1015753,"total":0.1015753,"children":null}}}},"gauges":{"PrisonAgent.CumulativeReward":{"count":1680,"max":25,"min":-5,"runningAverage":5.072977,"value":-4,"weightedAverage":11.62996}},"metadata":{"timer_format_version":"0.1.0","start_time_seconds":"1683719789","unity_version":"2020.3.47f1","command_line_arguments":"C:\\Program Files\\Unity\\Hub\\Editor\\2020.3.47f1\\Editor\\Unity.exe -projectpath C:\\Users\\User\\Desktop\\school_2022-2023\\VR_experience\\eindproject\\eindproject-fighttothesky -useHub -hubIPC -cloudEnvironment production -licensingIpc LicenseClient-User -hubSessionId 48db3810-ef28-11ed-a310-d9a21ba88482 -accessToken jOVcRcEIVBoqf0gKeJe9OXI6yq0g5Wtf68Ab_zPjiKs008f","communication_protocol_version":"1.5.0","com.unity.ml-agents_version":"2.0.1","scene_name":"SampleScene","end_time_seconds":"1683720901"}}